{"cameraMode":{"drawMode":0,"name":"Shaded","section":"Shading Mode"},"sceneLighting":true,"audioPlay":false,"sceneViewState":{"m_AlwaysRefresh":false,"showFog":true,"showSkybox":true,"showFlares":true,"showImageEffects":true,"showParticleSystems":true,"showVisualEffectGraphs":true,"m_FxEnabled":true},"in2DMode":false,"pivot":{"x":39.658653259277347,"y":-11.566143035888672,"z":-56.953514099121097},"rotation":{"x":0.0648382306098938,"y":0.9350923299789429,"z":-0.23957495391368867,"w":0.2530587911605835},"size":155.47622680664063,"orthographic":false}