{"cameraMode":{"drawMode":0,"name":"Shaded","section":"Shading Mode"},"sceneLighting":false,"audioPlay":false,"sceneViewState":{"m_AlwaysRefresh":false,"showFog":true,"showSkybox":false,"showFlares":true,"showImageEffects":true,"showParticleSystems":true,"showVisualEffectGraphs":true,"m_FxEnabled":true},"in2DMode":false,"pivot":{"x":-0.003390893340110779,"y":0.17440281808376313,"z":0.07524749636650086},"rotation":{"x":0.12156791985034943,"y":0.6634472608566284,"z":-0.11061296612024307,"w":0.7300112247467041},"size":0.5167191624641419,"orthographic":false}