{"cameraMode":{"drawMode":0,"name":"Shaded","section":"Shading Mode"},"sceneLighting":false,"audioPlay":false,"sceneViewState":{"m_AlwaysRefresh":false,"showFog":true,"showSkybox":false,"showFlares":true,"showImageEffects":true,"showParticleSystems":true,"showVisualEffectGraphs":true,"m_FxEnabled":true},"in2DMode":false,"pivot":{"x":-0.003390893340110779,"y":0.17440281808376313,"z":0.07524749636650086},"rotation":{"x":0.15535058081150056,"y":0.2717709243297577,"z":-0.044502414762973788,"w":0.9487008452415466},"size":0.5167191624641419,"orthographic":false}