{"cameraMode":{"drawMode":0,"name":"Shaded","section":"Shading Mode"},"sceneLighting":false,"audioPlay":false,"sceneViewState":{"m_AlwaysRefresh":false,"showFog":true,"showSkybox":false,"showFlares":true,"showImageEffects":true,"showParticleSystems":true,"showVisualEffectGraphs":true,"m_FxEnabled":true},"in2DMode":false,"pivot":{"x":-0.003390893340110779,"y":0.17440281808376313,"z":0.07524749636650086},"rotation":{"x":0.238764688372612,"y":0.3670104444026947,"z":-0.09816329926252365,"w":0.8937294483184815},"size":0.6660155653953552,"orthographic":false}