{"cameraMode":{"drawMode":0,"name":"Shaded","section":"Shading Mode"},"sceneLighting":true,"audioPlay":false,"sceneViewState":{"m_AlwaysRefresh":false,"showFog":true,"showSkybox":true,"showFlares":true,"showImageEffects":true,"showParticleSystems":true,"showVisualEffectGraphs":true,"m_FxEnabled":true},"in2DMode":false,"pivot":{"x":-124.86639404296875,"y":1.1152838468551636,"z":19.304224014282228},"rotation":{"x":0.06655561923980713,"y":0.16946710646152497,"z":-0.011562159284949303,"w":0.9832644462585449},"size":1.9588501453399659,"orthographic":false}