{"cameraMode":{"drawMode":0,"name":"Shaded","section":"Shading Mode"},"sceneLighting":true,"audioPlay":false,"sceneViewState":{"m_AlwaysRefresh":false,"showFog":true,"showSkybox":true,"showFlares":true,"showImageEffects":true,"showParticleSystems":true,"showVisualEffectGraphs":true,"m_FxEnabled":true},"in2DMode":false,"pivot":{"x":-0.009748697280883789,"y":1.5445010662078858,"z":-0.3840022087097168},"rotation":{"x":0.014385917223989964,"y":0.9853782057762146,"z":-0.13093657791614533,"w":0.10863101482391358},"size":39.58806610107422,"orthographic":false}