{"cameraMode":{"drawMode":0,"name":"Shaded","section":"Shading Mode"},"sceneLighting":true,"audioPlay":false,"sceneViewState":{"m_AlwaysRefresh":false,"showFog":true,"showSkybox":true,"showFlares":true,"showImageEffects":true,"showParticleSystems":true,"showVisualEffectGraphs":true,"m_FxEnabled":true},"in2DMode":false,"pivot":{"x":-122.63124084472656,"y":-0.01897144317626953,"z":10.018117904663086},"rotation":{"x":-0.029161697253584863,"y":-0.9704378843307495,"z":0.18272651731967927,"w":-0.15532785654067994},"size":11.047532081604004,"orthographic":false}